-- --------------------------------------------------------
-- Hôte :                        localhost
-- Version du serveur:           8.0.24 - MySQL Community Server - GPL
-- SE du serveur:                Win64
-- HeidiSQL Version:             10.2.0.5599
-- --------------------------------------------------------

/*!40101 SET @OLD_CHARACTER_SET_CLIENT=@@CHARACTER_SET_CLIENT */;
/*!40101 SET NAMES utf8 */;
/*!50503 SET NAMES utf8mb4 */;
/*!40014 SET @OLD_FOREIGN_KEY_CHECKS=@@FOREIGN_KEY_CHECKS, FOREIGN_KEY_CHECKS=0 */;
/*!40101 SET @OLD_SQL_MODE=@@SQL_MODE, SQL_MODE='NO_AUTO_VALUE_ON_ZERO' */;


-- Listage de la structure de la base pour database
CREATE DATABASE IF NOT EXISTS `database` /*!40100 DEFAULT CHARACTER SET utf8mb4 COLLATE utf8mb4_0900_ai_ci */ /*!80016 DEFAULT ENCRYPTION='N' */;
USE `database`;

-- Listage de la structure de la table database. category
CREATE TABLE IF NOT EXISTS `category` (
  `id` int NOT NULL AUTO_INCREMENT,
  `title` varchar(255) DEFAULT NULL,
  PRIMARY KEY (`id`),
  UNIQUE KEY `title` (`title`)
) ENGINE=InnoDB AUTO_INCREMENT=5 DEFAULT CHARSET=utf8mb4 COLLATE=utf8mb4_0900_ai_ci;

-- Listage des données de la table database.category : ~4 rows (environ)
/*!40000 ALTER TABLE `category` DISABLE KEYS */;
INSERT INTO `category` (`id`, `title`) VALUES
	(2, 'Fonctionnalités'),
	(1, 'Hobbies'),
	(4, 'Lorem Ipsum'),
	(3, 'Test');
/*!40000 ALTER TABLE `category` ENABLE KEYS */;

-- Listage de la structure de la table database. comment
CREATE TABLE IF NOT EXISTS `comment` (
  `id` int NOT NULL AUTO_INCREMENT,
  `content` text,
  `firstDate` datetime DEFAULT NULL,
  `lastDate` datetime DEFAULT NULL,
  `approved` int DEFAULT '0',
  `user_id` int DEFAULT NULL,
  `post_id` int DEFAULT NULL,
  PRIMARY KEY (`id`),
  KEY `user_id` (`user_id`),
  KEY `post_id` (`post_id`),
  CONSTRAINT `post_id` FOREIGN KEY (`post_id`) REFERENCES `post` (`id`) ON DELETE CASCADE,
  CONSTRAINT `user_id` FOREIGN KEY (`user_id`) REFERENCES `user` (`id`)
) ENGINE=InnoDB AUTO_INCREMENT=12 DEFAULT CHARSET=utf8mb4 COLLATE=utf8mb4_0900_ai_ci;

-- Listage des données de la table database.comment : ~11 rows (environ)
/*!40000 ALTER TABLE `comment` DISABLE KEYS */;
INSERT INTO `comment` (`id`, `content`, `firstDate`, `lastDate`, `approved`, `user_id`, `post_id`) VALUES
	(1, 'J\'adore Star Wars !', '2021-06-29 16:11:03', '2021-06-29 16:11:03', 1, 3, 7),
	(2, 'Je ne comprend rien !', '2021-06-29 16:11:44', '2021-06-29 16:11:44', 1, 3, 3),
	(3, 'Testons un peu la taille maximum de caractère du coup 😈 Hop 5000 caractères🔥:\r\n\r\nItaque earum rerum hic tenetur a sapiente delectus.\r\n\r\nNemo enim ipsam voluptatem quia voluptas sit aspernatur aut odit aut fugit. Ut enim ad minim veniam, quis nostrud exercitation ullamco. Non numquam eius modi tempora incidunt ut labore et dolore magnam aliquam quaerat voluptatem.\r\n\r\nDo eiusmod tempor incididunt ut labore et dolore magna aliqua.\r\nNihil molestiae consequatur, vel illum qui dolorem eum.\r\nTemporibus autem quibusdam et aut officiis debitis aut rerum necessitatibus saepe eveniet ut et voluptates repudiandae sint et molestiae non recusandae.\r\n\r\nNon numquam eius modi tempora incidunt ut labore et dolore magnam aliquam quaerat voluptatem.\r\n\r\nQui officia deserunt mollit anim id est laborum. Esse cillum dolore eu fugiat nulla pariatur. Et iusto odio dignissimos ducimus qui blanditiis praesentium voluptatum deleniti atque. Animi, id est laborum et dolorum fuga.\r\n\r\nItaque earum rerum hic tenetur a sapiente delectus.\r\nItaque earum rerum hic tenetur a sapiente delectus.\r\nLorem ipsum dolor sit amet, consectetur adipisicing elit.\r\n\r\nEsse cillum dolore eu fugiat nulla pariatur. Corrupti quos dolores et quas molestias excepturi sint occaecati. Ut enim ad minima veniam, quis nostrum exercitationem ullam corporis suscipit laboriosam. Qui officia deserunt mollit anim id est laborum.\r\n\r\nNeque porro quisquam est, qui dolorem ipsum quia dolor sit amet, consectetur, adipisci velit. Totam rem aperiam. Qui officia deserunt mollit anim id est laborum. Corrupti quos dolores et quas molestias excepturi sint occaecati.\r\n\r\nUt enim ad minim veniam, quis nostrud exercitation ullamco. Nihil molestiae consequatur, vel illum qui dolorem eum. Animi, id est laborum et dolorum fuga. Esse cillum dolore eu fugiat nulla pariatur. Cupiditate non provident, similique sunt in culpa qui officia deserunt mollitia.\r\n\r\nEaque ipsa quae ab illo inventore veritatis et quasi. Ut enim ad minima veniam, quis nostrum exercitationem ullam corporis suscipit laboriosam. Inventore veritatis et quasi architecto beatae vitae dicta sunt explicabo.\r\n\r\nNihil molestiae consequatur, vel illum qui dolorem eum. Fugiat quo voluptas nulla pariatur? Cupiditate non provident, similique sunt in culpa qui officia deserunt mollitia. Totam rem aperiam.\r\n\r\nLaboris nisi ut aliquip ex ea commodo consequat. Laboris nisi ut aliquip ex ea commodo consequat. Animi, id est laborum et dolorum fuga. Quia consequuntur magni dolores eos qui ratione voluptatem sequi nesciunt.\r\n\r\nFacere possimus, omnis voluptas assumenda est, omnis dolor repellendus. Nam libero tempore, cum soluta nobis est eligendi optio cumque nihil impedit quo minus id quod maxime placeat. Et harum quidem rerum facilis est et expedita distinctio.\r\n\r\nAnimi, id est laborum et dolorum fuga. Itaque earum rerum hic tenetur a sapiente delectus. Lorem ipsum dolor sit amet, consectetur adipisicing elit. Ut enim ad minim veniam, quis nostrud exercitation ullamco.\r\n\r\nFacere possimus, omnis voluptas assumenda est, omnis dolor repellendus. Nam libero tempore, cum soluta nobis est eligendi optio cumque nihil impedit quo minus id quod maxime placeat. Fugiat quo voluptas nulla pariatur?\r\n\r\nEsse cillum dolore eu fugiat nulla pariatur. Non numquam eius modi tempora incidunt ut labore et dolore magnam aliquam quaerat voluptatem. Excepteur sint occaecat cupidatat non proident, sunt in culpa.\r\n\r\nAnimi, id est laborum et dolorum fuga. Et iusto odio dignissimos ducimus qui blanditiis praesentium voluptatum deleniti atque. Excepteur sint occaecat cupidatat non proident, sunt in culpa. Et harum quidem rerum facilis est et expedita distinctio.\r\nItaque earum rerum hic tenetur a sapiente delectus.\r\n\r\nNemo enim ipsam voluptatem quia voluptas sit aspernatur aut odit aut fugit. Ut enim ad minim veniam, quis nostrud exercitation ullamco. Non numquam eius modi tempora incidunt ut labore et dolore magnam aliquam quaerat voluptatem.\r\n\r\nDo eiusmod tempor incididunt ut labore et dolore magna aliqua.\r\nNihil molestiae consequatur, vel illum qui dolorem eum.\r\nTemporibus autem quibusdam et aut officiis debitis aut rerum necessitatibus saepe eveniet ut et voluptates repudiandae sint et molestiae non recusandae.\r\n\r\nNon numquam eius modi tempora incidunt ut labore et dolore magnam aliquam quaerat voluptatem.\r\n\r\nQui officia deserunt mollit anim id est laborum. Esse cillum dolore eu fugiat nulla pariatur. Et iusto odio dignissimos ducimus qui blanditiis praesentium voluptatum deleniti atque. Animi, id est laborum et dolorum fuga.\r\n\r\nItaque earum rerum hic tenetur a sapiente delectus.\r\nItaque earum rerum hic tenetur a sapiente delectus.\r\nLorem ipsum dolor sit amet, consectetur adipisicing elit.\r\n\r\nEsse cillum dolore eu fugiat nulla pariatur. Corrupti quos dolores et quas molestias excepturi sint occaecati. Ut enim ad minima veniam, quis nostrum exercitationem ullam corporis suscipit laboriosam. Qui officia deserunt mollit anim id est laborum.\r\n\r\nNeque porro quisquam est, qui dolorem ipsum quia dolor sit amet, consectetur, adipi', '2021-06-29 16:26:27', '2021-06-29 16:26:27', 1, 3, 2),
	(4, 'Spam en veux-tu en voilà !😈 Hop 5000 caractères🔥:\r\n\r\nItaque earum rerum hic tenetur a sapiente delectus.\r\n\r\nNemo enim ipsam voluptatem quia voluptas sit aspernatur aut odit aut fugit. Ut enim ad minim veniam, quis nostrud exercitation ullamco. Non numquam eius modi tempora incidunt ut labore et dolore magnam aliquam quaerat voluptatem.\r\n\r\nDo eiusmod tempor incididunt ut labore et dolore magna aliqua.\r\nNihil molestiae consequatur, vel illum qui dolorem eum.\r\nTemporibus autem quibusdam et aut officiis debitis aut rerum necessitatibus saepe eveniet ut et voluptates repudiandae sint et molestiae non recusandae.\r\n\r\nNon numquam eius modi tempora incidunt ut labore et dolore magnam aliquam quaerat voluptatem.\r\n\r\nQui officia deserunt mollit anim id est laborum. Esse cillum dolore eu fugiat nulla pariatur. Et iusto odio dignissimos ducimus qui blanditiis praesentium voluptatum deleniti atque. Animi, id est laborum et dolorum fuga.\r\n\r\nItaque earum rerum hic tenetur a sapiente delectus.\r\nItaque earum rerum hic tenetur a sapiente delectus.\r\nLorem ipsum dolor sit amet, consectetur adipisicing elit.\r\n\r\nEsse cillum dolore eu fugiat nulla pariatur. Corrupti quos dolores et quas molestias excepturi sint occaecati. Ut enim ad minima veniam, quis nostrum exercitationem ullam corporis suscipit laboriosam. Qui officia deserunt mollit anim id est laborum.\r\n\r\nNeque porro quisquam est, qui dolorem ipsum quia dolor sit amet, consectetur, adipisci velit. Totam rem aperiam. Qui officia deserunt mollit anim id est laborum. Corrupti quos dolores et quas molestias excepturi sint occaecati.\r\n\r\nUt enim ad minim veniam, quis nostrud exercitation ullamco. Nihil molestiae consequatur, vel illum qui dolorem eum. Animi, id est laborum et dolorum fuga. Esse cillum dolore eu fugiat nulla pariatur. Cupiditate non provident, similique sunt in culpa qui officia deserunt mollitia.\r\n\r\nEaque ipsa quae ab illo inventore veritatis et quasi. Ut enim ad minima veniam, quis nostrum exercitationem ullam corporis suscipit laboriosam. Inventore veritatis et quasi architecto beatae vitae dicta sunt explicabo.\r\n\r\nNihil molestiae consequatur, vel illum qui dolorem eum. Fugiat quo voluptas nulla pariatur? Cupiditate non provident, similique sunt in culpa qui officia deserunt mollitia. Totam rem aperiam.\r\n\r\nLaboris nisi ut aliquip ex ea commodo consequat. Laboris nisi ut aliquip ex ea commodo consequat. Animi, id est laborum et dolorum fuga. Quia consequuntur magni dolores eos qui ratione voluptatem sequi nesciunt.\r\n\r\nFacere possimus, omnis voluptas assumenda est, omnis dolor repellendus. Nam libero tempore, cum soluta nobis est eligendi optio cumque nihil impedit quo minus id quod maxime placeat. Et harum quidem rerum facilis est et expedita distinctio.\r\n\r\nAnimi, id est laborum et dolorum fuga. Itaque earum rerum hic tenetur a sapiente delectus. Lorem ipsum dolor sit amet, consectetur adipisicing elit. Ut enim ad minim veniam, quis nostrud exercitation ullamco.\r\n\r\nFacere possimus, omnis voluptas assumenda est, omnis dolor repellendus. Nam libero tempore, cum soluta nobis est eligendi optio cumque nihil impedit quo minus id quod maxime placeat. Fugiat quo voluptas nulla pariatur?\r\n\r\nEsse cillum dolore eu fugiat nulla pariatur. Non numquam eius modi tempora incidunt ut labore et dolore magnam aliquam quaerat voluptatem. Excepteur sint occaecat cupidatat non proident, sunt in culpa.\r\n\r\nAnimi, id est laborum et dolorum fuga. Et iusto odio dignissimos ducimus qui blanditiis praesentium voluptatum deleniti atque. Excepteur sint occaecat cupidatat non proident, sunt in culpa. Et harum quidem rerum facilis est et expedita distinctio.\r\nItaque earum rerum hic tenetur a sapiente delectus.\r\n\r\nNemo enim ipsam voluptatem quia voluptas sit aspernatur aut odit aut fugit. Ut enim ad minim veniam, quis nostrud exercitation ullamco. Non numquam eius modi tempora incidunt ut labore et dolore magnam aliquam quaerat voluptatem.\r\n\r\nDo eiusmod tempor incididunt ut labore et dolore magna aliqua.\r\nNihil molestiae consequatur, vel illum qui dolorem eum.\r\nTemporibus autem quibusdam et aut officiis debitis aut rerum necessitatibus saepe eveniet ut et voluptates repudiandae sint et molestiae non recusandae.\r\n\r\nNon numquam eius modi tempora incidunt ut labore et dolore magnam aliquam quaerat voluptatem.\r\n\r\nQui officia deserunt mollit anim id est laborum. Esse cillum dolore eu fugiat nulla pariatur. Et iusto odio dignissimos ducimus qui blanditiis praesentium voluptatum deleniti atque. Animi, id est laborum et dolorum fuga.\r\n\r\nItaque earum rerum hic tenetur a sapiente delectus.\r\nItaque earum rerum hic tenetur a sapiente delectus.\r\nLorem ipsum dolor sit amet, consectetur adipisicing elit.\r\n\r\nEsse cillum dolore eu fugiat nulla pariatur. Corrupti quos dolores et quas molestias excepturi sint occaecati. Ut enim ad minima veniam, quis nostrum exercitationem ullam corporis suscipit laboriosam. Qui officia deserunt mollit anim id est laborum.\r\n\r\nNeque porro quisquam est, qui dolorem ipsum quia dolor sit amet, consectetur, adipi', '2021-06-29 16:28:13', '2021-06-29 16:28:13', 0, 3, 2),
	(5, 'Luke je suis ...', '2021-06-29 16:29:42', '2021-06-29 16:29:42', 1, 3, 7),
	(6, 'Super le Lorem Ipsum Doctor Who grâce à Fillerama ! http://fillerama.io/', '2021-06-29 16:31:42', '2021-06-29 16:31:42', 1, 3, 6),
	(7, 'Effacer MOI !!!!!!', '2021-06-29 16:31:59', '2021-06-29 16:31:59', 0, 3, 6),
	(8, 'TEST moi çà aussi ! 😈😈\r\n<script>alert(\'test\');</script>\r\n<img src="aaaaa" onerror="alert(\'Et hop ! Même pas eu besoin d\\\'une balise <script> </script> :P\');" />\r\n<img src="aaaaa" onerror=\'alert(\'Et hop ! Même pas eu besoin d\\\'une balise <script> </script> :P\');\' />\r\n<body onload=alert(document.cookie);>', '2021-06-29 16:35:52', '2021-06-29 16:35:52', 0, 3, 1),
	(9, 'TEST moi çà aussi ! 😈😈\r\n<script>alert(\'test\');</script>\r\n<img src="aaaaa" onerror="alert(\'Et hop ! Même pas eu besoin d\\\'une balise <script> </script> :P\');" />\r\n<img src="aaaaa" onerror=\'alert(\'Et hop ! Même pas eu besoin d\\\'une balise <script> </script> :P\');\' />\r\n<body onload=alert(document.cookie);>', '2021-06-29 16:35:57', '2021-06-29 16:35:57', 1, 3, 1),
	(10, 'TEST mon super Pseudo XSS !!', '2021-06-29 16:39:44', '2021-06-29 16:39:44', 1, 4, 1),
	(11, 'TEST mon super Pseudo XSS !!', '2021-06-29 16:43:41', '2021-06-29 16:43:41', 0, 4, 1);
/*!40000 ALTER TABLE `comment` ENABLE KEYS */;

-- Listage de la structure de la table database. post
CREATE TABLE IF NOT EXISTS `post` (
  `id` int NOT NULL AUTO_INCREMENT,
  `user_id` int DEFAULT NULL,
  `category_id` int DEFAULT NULL,
  `title` varchar(455) DEFAULT NULL,
  `leadIn` varchar(555) DEFAULT NULL,
  `content` text,
  `firstDate` datetime DEFAULT NULL,
  `lastDate` datetime DEFAULT NULL,
  PRIMARY KEY (`id`),
  KEY `FK_post_category` (`category_id`),
  KEY `FK_post_user` (`user_id`),
  CONSTRAINT `FK_post_category` FOREIGN KEY (`category_id`) REFERENCES `category` (`id`),
  CONSTRAINT `FK_post_user` FOREIGN KEY (`user_id`) REFERENCES `user` (`id`) ON DELETE CASCADE
) ENGINE=InnoDB AUTO_INCREMENT=11 DEFAULT CHARSET=utf8mb4 COLLATE=utf8mb4_0900_ai_ci;

-- Listage des données de la table database.post : ~8 rows (environ)
/*!40000 ALTER TABLE `post` DISABLE KEYS */;
INSERT INTO `post` (`id`, `user_id`, `category_id`, `title`, `leadIn`, `content`, `firstDate`, `lastDate`) VALUES
	(1, 1, 3, 'TEST Failles XSS', '<script>alert(\'test\');</script>\r\n<img src="aaaaa" onerror="alert(\'Et hop ! Même pas eu besoin d\\\'une balise <script> </script> :P\');" />\r\n<img src="aaaaa" onerror=\'alert(\'Et hop ! Même pas eu besoin d\\\'une balise <script> </script> :P\');\' />\r\n<body onload=alert(document.cookie);>\r\n', 'Test de failles XSS permanentes\r\n\r\n<script>alert(\'test\');</script>\r\n<img src="aaaaa" onerror="alert(\'Et hop ! Même pas eu besoin d\\\'une balise <script> </script> :P\');" />\r\n<img src="aaaaa" onerror=\'alert(\'Et hop ! Même pas eu besoin d\\\'une balise <script> </script> :P\');\' />\r\n<body onload=alert(document.cookie);>', '2021-06-29 15:41:01', '2021-06-29 15:47:55'),
	(2, 1, 3, 'TEST : Mon super titre à rallonge qui va me poser problème en terme d\'affichage et de nombre de caractère, que j\'ai limité à 255 caractères xxxxxxxxxxxxxxxxxxxxxxxxxxxxxxxxxxxxxxxxxxxxxxxxxxxxxxxxxxxxxxxxxxxxxxxxxxxxxxxxxxxxxxxxxxxxxxxxxxxxxxxxxxxx255 FIN', 'Accusantium doloremque laudantium, totam rem aperiam, eaque ipsa quae ab illo. Fugiat quo voluptas nulla pariatur? Nihil molestiae consequatur, vel illum qui dolorem eum. Et harum quidem rerum facilis est et expedita distinctio.\r\n\r\nItaque earum rerum hic tenetur a sapiente delectus.\r\n\r\nxxxxxxxxxxxxxxxxxxxxxxxxxxxxxxxxxxxxxxxxxxxxxxxxxxxxxxxxxxxxxxxxx355 FIN', 'Itaque earum rerum hic tenetur a sapiente delectus.\r\n\r\nNemo enim ipsam voluptatem quia voluptas sit aspernatur aut odit aut fugit. Ut enim ad minim veniam, quis nostrud exercitation ullamco. Non numquam eius modi tempora incidunt ut labore et dolore magnam aliquam quaerat voluptatem.\r\n\r\n    Do eiusmod tempor incididunt ut labore et dolore magna aliqua.\r\n    Nihil molestiae consequatur, vel illum qui dolorem eum.\r\n    Temporibus autem quibusdam et aut officiis debitis aut rerum necessitatibus saepe eveniet ut et voluptates repudiandae sint et molestiae non recusandae.\r\n\r\nNon numquam eius modi tempora incidunt ut labore et dolore magnam aliquam quaerat voluptatem.\r\n\r\nQui officia deserunt mollit anim id est laborum. Esse cillum dolore eu fugiat nulla pariatur. Et iusto odio dignissimos ducimus qui blanditiis praesentium voluptatum deleniti atque. Animi, id est laborum et dolorum fuga.\r\n\r\n    Itaque earum rerum hic tenetur a sapiente delectus.\r\n    Itaque earum rerum hic tenetur a sapiente delectus.\r\n    Lorem ipsum dolor sit amet, consectetur adipisicing elit.\r\n\r\nEsse cillum dolore eu fugiat nulla pariatur. Corrupti quos dolores et quas molestias excepturi sint occaecati. Ut enim ad minima veniam, quis nostrum exercitationem ullam corporis suscipit laboriosam. Qui officia deserunt mollit anim id est laborum.\r\n\r\nNeque porro quisquam est, qui dolorem ipsum quia dolor sit amet, consectetur, adipisci velit. Totam rem aperiam. Qui officia deserunt mollit anim id est laborum. Corrupti quos dolores et quas molestias excepturi sint occaecati.\r\n\r\nUt enim ad minim veniam, quis nostrud exercitation ullamco. Nihil molestiae consequatur, vel illum qui dolorem eum. Animi, id est laborum et dolorum fuga. Esse cillum dolore eu fugiat nulla pariatur. Cupiditate non provident, similique sunt in culpa qui officia deserunt mollitia.\r\n\r\nEaque ipsa quae ab illo inventore veritatis et quasi. Ut enim ad minima veniam, quis nostrum exercitationem ullam corporis suscipit laboriosam. Inventore veritatis et quasi architecto beatae vitae dicta sunt explicabo.\r\n\r\nNihil molestiae consequatur, vel illum qui dolorem eum. Fugiat quo voluptas nulla pariatur? Cupiditate non provident, similique sunt in culpa qui officia deserunt mollitia. Totam rem aperiam.\r\n\r\nLaboris nisi ut aliquip ex ea commodo consequat. Laboris nisi ut aliquip ex ea commodo consequat. Animi, id est laborum et dolorum fuga. Quia consequuntur magni dolores eos qui ratione voluptatem sequi nesciunt.\r\n\r\nFacere possimus, omnis voluptas assumenda est, omnis dolor repellendus. Nam libero tempore, cum soluta nobis est eligendi optio cumque nihil impedit quo minus id quod maxime placeat. Et harum quidem rerum facilis est et expedita distinctio.\r\n\r\nAnimi, id est laborum et dolorum fuga. Itaque earum rerum hic tenetur a sapiente delectus. Lorem ipsum dolor sit amet, consectetur adipisicing elit. Ut enim ad minim veniam, quis nostrud exercitation ullamco.\r\n\r\nFacere possimus, omnis voluptas assumenda est, omnis dolor repellendus. Nam libero tempore, cum soluta nobis est eligendi optio cumque nihil impedit quo minus id quod maxime placeat. Fugiat quo voluptas nulla pariatur?\r\n\r\nEsse cillum dolore eu fugiat nulla pariatur. Non numquam eius modi tempora incidunt ut labore et dolore magnam aliquam quaerat voluptatem. Excepteur sint occaecat cupidatat non proident, sunt in culpa.\r\n\r\nAnimi, id est laborum et dolorum fuga. Et iusto odio dignissimos ducimus qui blanditiis praesentium voluptatum deleniti atque. Excepteur sint occaecat cupidatat non proident, sunt in culpa. Et harum quidem rerum facilis est et expedita distinctio.', '2021-06-29 15:46:58', '2021-06-29 15:46:58'),
	(3, 1, 4, 'Fry, we have a crate to deliver.', 'Now, now. Perfectly symmetrical violence never solved anything. We\'re rescuing ya. Noooooo! Ummm…to eBay? Kif might!\r\n\r\nThe alien mothership is in orbit here. If we can hit that bullseye, the rest of the dominoes will fall like a house of cards. Checkmate. Bender, being God isn\'t easy. If you do too much, people get dependent on you, and if you do nothing', 'Hey, guess what you\'re accessories to. Stop! Don\'t shoot fire stick in space canoe! Cause explosive decompression! Please, Don-Bot… look into your hard drive, and open your mercy file! Negative, bossy meat creature!\r\n\r\n    Oh, I always feared he might run off like this. Why, why, why didn\'t I break his legs?\r\n    Tell them I hate them.\r\n    You\'ll have all the Slurm you can drink when you\'re partying with Slurms McKenzie!\r\n\r\nI just want to talk. It has nothing to do with mating. Fry, that doesn\'t make sense.\r\n\r\nAlso Zoidberg. I\'ve been there. My folks were always on me to groom myself and wear underpants. What am I, the pope? Have you ever tried just turning off the TV, sitting down with your children, and hitting them?\r\n\r\n    In our darkest hour, we can stand erect, with proud upthrust bosoms.\r\n    Tell her you just want to talk. It has nothing to do with mating.\r\n    Check it out, y\'all. Everyone who was invited is here.\r\n\r\nProfessor, make a woman out of me. Bender, you risked your life to save me! How much did you make me? No! The cat shelter\'s on to me. There\'s no part of that sentence I didn\'t like! I had more, but you go ahead.\r\n\r\nYou\'ve killed me! Oh, you\'ve killed me! You wouldn\'t. Ask anyway! That\'s the ONLY thing about being a slave. Come, Comrade Bender! We must take to the streets! You wouldn\'t. Ask anyway!\r\n\r\nI had more, but you go ahead. Why yes! Thanks for noticing. Stop! Don\'t shoot fire stick in space canoe! Cause explosive decompression! Of all the friends I\'ve had… you\'re the first. One hundred dollars.\r\n\r\nCome, Comrade Bender! We must take to the streets! We don\'t have a brig. Come, Comrade Bender! We must take to the streets! Fry, we have a crate to deliver. Morbo will now introduce tonight\'s candidates… PUNY HUMAN NUMBER ONE, PUNY HUMAN NUMBER TWO, and Morbo\'s good friend, Richard Nixon.\r\n\r\nOur love isn\'t any different from yours, except it\'s hotter, because I\'m involved. Dear God, they\'ll be killed on our doorstep! And there\'s no trash pickup until January 3rd. Why yes! Thanks for noticing.\r\n\r\nYou know the worst thing about being a slave? They make you work, but they don\'t pay you or let you go. Noooooo! Leela, Bender, we\'re going grave robbing. This is the worst part. The calm before the battle.\r\n\r\nPerhaps, but perhaps your civilization is merely the sewer of an even greater society above you! Yeah, I do that with my stupidness. That\'s the ONLY thing about being a slave. Stop it, stop it. It\'s fine. I will \'destroy\' you!\r\n\r\nFatal. It doesn\'t look so shiny to me. Please, Don-Bot… look into your hard drive, and open your mercy file! You lived before you met me?! That\'s a popular name today. Little "e", big "B"?\r\n\r\nYeah, and if you were the pope they\'d be all, "Straighten your pope hat." And "Put on your good vestments." You guys go on without me! I\'m going to go… look for more stuff to steal! Oh sure! Blame the wizards!\r\n\r\nProfessor, make a woman out of me. Too much work. Let\'s burn it and say we dumped it in the sewer. Anyone who laughs is a communist! No. We\'re on the top. Say it in Russian!\r\n\r\nOne hundred dollars. And I\'m his friend Jesus. There, now he\'s trapped in a book I wrote: a crummy world of plot holes and spelling errors! OK, this has gotta stop. I\'m going to remind Fry of his humanity the way only a woman can.', '2021-06-29 15:51:30', '2021-06-29 15:51:30'),
	(4, 1, 4, 'Well I\'da done better, but it\'s plum hard pleading a case while awaiting trial for that there incompetence.', 'Who am I making this out to? Bender, we\'re trying our best. Oh, all right, I am. But if anything happens to me, tell them I died robbing some old man. Would you censor the Venus de Venus just because you can see her spewers?\r\n', 'Ah, computer dating. It\'s like pimping, but you rarely have to use the phrase "upside your head."\r\n\r\nOoh, name it after me! Check it out, y\'all. Everyone who was invited is here. Then we\'ll go with that data file! One hundred dollars. Really?! Stop it, stop it. It\'s fine. I will \'destroy\' you!\r\n\r\n    I\'ll get my kit!\r\n    With gusto.\r\n    Bender, quit destroying the universe!\r\n\r\nI found what I need. And it\'s not friends, it\'s things.\r\n\r\nWe\'ll need to have a look inside you with this camera. I guess because my parents keep telling me to be more ladylike. As though! Eeeee! Now say "nuclear wessels"! Alright, let\'s mafia things up a bit. Joey, burn down the ship. Clamps, burn down the crew.\r\n\r\n    Why, those are the Grunka-Lunkas! They work here in the Slurm factory.\r\n    With a warning label this big, you know they gotta be fun!\r\n    It\'s a T. It goes "tuh".\r\n\r\nQuite possible. We live long and are celebrated poopers. Hey, whatcha watching? Hey, guess what you\'re accessories to. Anyhoo, your net-suits will allow you to experience Fry\'s worm infested bowels as if you were actually wriggling through them.\r\n\r\nWell I\'da done better, but it\'s plum hard pleading a case while awaiting trial for that there incompetence. Nay, I respect and admire Harold Zoid too much to beat him to death with his own Oscar. You guys realize you live in a sewer, right?\r\n\r\nI can explain. It\'s very valuable. I was all of history\'s great robot actors - Acting Unit 0.8; Thespomat; David Duchovny! Tell her you just want to talk. It has nothing to do with mating. File not found.\r\n\r\nOh, I think we should just stay friends. Michelle, I don\'t regret this, but I both rue and lament it. Hey, you add a one and two zeros to that or we walk! With gusto.\r\n\r\nOr a guy who burns down a bar for the insurance money! She also liked to shut up! Well, let\'s just dump it in the sewer and say we delivered it. Stop it, stop it. It\'s fine. I will \'destroy\' you!\r\n\r\nAnyone who laughs is a communist! But I know you in the future. I cleaned your poop. Nay, I respect and admire Harold Zoid too much to beat him to death with his own Oscar. Fry! Stay back! He\'s too powerful!\r\n\r\nI\'ll tell them you went down prying the wedding ring off his cold, dead finger. What are their names? And then the battle\'s not so bad? Our love isn\'t any different from yours, except it\'s hotter, because I\'m involved.\r\n\r\nI usually try to keep my sadness pent up inside where it can fester quietly as a mental illness. Fry, you can\'t just sit here in the dark listening to classical music. You can see how I lived before I met you.\r\n\r\nStop it, stop it. It\'s fine. I will \'destroy\' you! Morbo can\'t understand his teleprompter because he forgot how you say that letter that\'s shaped like a man wearing a hat. Tell her you just want to talk. It has nothing to do with mating.\r\n\r\nAre you crazy? I can\'t swallow that. And remember, don\'t do anything that affects anything, unless it turns out you were supposed to, in which case, for the love of God, don\'t not do it! Ah, yes! John Quincy Adding Machine. He struck a chord with the voters when he pledged not to go on a killing spree.\r\n\r\nWho are those horrible orange men? The alien mothership is in orbit here. If we can hit that bullseye, the rest of the dominoes will fall like a house of cards. Checkmate. I didn\'t ask for a completely reasonable excuse! I asked you to get busy!', '2021-06-29 15:53:35', '2021-06-29 15:53:35'),
	(5, 2, 2, 'Fonctionnalité 1: Seule les Admins peuvent créer et éditer leur propre Post', 'La gestions des posts est exclusive à leur Auteur.', 'Do eiusmod tempor incididunt ut labore et dolore magna aliqua. Cupiditate non provident, similique sunt in culpa qui officia deserunt mollitia. Nisi ut aliquid ex ea commodi consequatur? Quis autem vel eum iure reprehenderit qui in ea voluptate velit esse quam.\r\n\r\n    Corrupti quos dolores et quas molestias excepturi sint occaecati.\r\n    Accusantium doloremque laudantium, totam rem aperiam, eaque ipsa quae ab illo.\r\n    Accusantium doloremque laudantium, totam rem aperiam, eaque ipsa quae ab illo.\r\n\r\nUt aut reiciendis voluptatibus maiores alias consequatur aut perferendis doloribus asperiores repellat. Architecto beatae vitae dicta sunt explicabo. Itaque earum rerum hic tenetur a sapiente delectus.\r\n\r\nNeque porro quisquam est, qui dolorem ipsum quia dolor sit amet, consectetur, adipisci velit. At vero eos et accusamus. Do eiusmod tempor incididunt ut labore et dolore magna aliqua. Laboris nisi ut aliquip ex ea commodo consequat.\r\n\r\nDo eiusmod tempor incididunt ut labore et dolore magna aliqua. At vero eos et accusamus. Ut enim ad minim veniam, quis nostrud exercitation ullamco. Neque porro quisquam est, qui dolorem ipsum quia dolor sit amet, consectetur, adipisci velit.\r\n\r\nEaque ipsa quae ab illo inventore veritatis et quasi. Inventore veritatis et quasi architecto beatae vitae dicta sunt explicabo. Architecto beatae vitae dicta sunt explicabo. Accusantium doloremque laudantium, totam rem aperiam, eaque ipsa quae ab illo.\r\n\r\nNam libero tempore, cum soluta nobis est eligendi optio cumque nihil impedit quo minus id quod maxime placeat. Excepteur sint occaecat cupidatat non proident, sunt in culpa. Nihil molestiae consequatur, vel illum qui dolorem eum.\r\n\r\nFugiat quo voluptas nulla pariatur? Ut enim ad minima veniam, quis nostrum exercitationem ullam corporis suscipit laboriosam. Cupiditate non provident, similique sunt in culpa qui officia deserunt mollitia.\r\n\r\nDuis aute irure dolor in reprehenderit in voluptate velit. Cupiditate non provident, similique sunt in culpa qui officia deserunt mollitia. Quia consequuntur magni dolores eos qui ratione voluptatem sequi nesciunt.\r\n\r\nNisi ut aliquid ex ea commodi consequatur? Quis autem vel eum iure reprehenderit qui in ea voluptate velit esse quam. Do eiusmod tempor incididunt ut labore et dolore magna aliqua. Duis aute irure dolor in reprehenderit in voluptate velit.\r\n\r\nAccusantium doloremque laudantium, totam rem aperiam, eaque ipsa quae ab illo. Excepteur sint occaecat cupidatat non proident, sunt in culpa. Inventore veritatis et quasi architecto beatae vitae dicta sunt explicabo.\r\n\r\nAt vero eos et accusamus. Corrupti quos dolores et quas molestias excepturi sint occaecati. Neque porro quisquam est, qui dolorem ipsum quia dolor sit amet, consectetur, adipisci velit. Ut enim ad minima veniam, quis nostrum exercitationem ullam corporis suscipit laboriosam.\r\n\r\nFugiat quo voluptas nulla pariatur? Esse cillum dolore eu fugiat nulla pariatur. At vero eos et accusamus. Sed ut perspiciatis unde omnis iste natus error sit voluptatem. Qui officia deserunt mollit anim id est laborum.', '2021-06-29 15:59:20', '2021-06-29 15:59:20'),
	(6, 2, 4, 'I\'m the Doctor, I\'m worse than everyone\'s aunt. *catches himself* And that is not how I\'m introducing myself.', 'All I\'ve got to do is pass as an ordinary human being. Simple. What could possibly go wrong? Saving the world with meals on wheels. Sorry, checking all the water in this area; there\'s an escaped fish.', 'The way I see it, every life is a pile of good things and bad things.…hey.…the good things don\'t always soften the bad things; but vice-versa the bad things don\'t necessarily spoil the good things and make them unimportant.\r\n\r\nStop talking, brain thinking. Hush. Saving the world with meals on wheels. I am the last of my species, and I know how that weighs on the heart so don\'t lie to me! Father Christmas. Santa Claus. Or as I\'ve always known him: Jeff.\r\nI am the Doctor, and you are the Daleks!\r\n\r\nIt\'s art! A statement on modern society, \'Oh Ain\'t Modern Society Awful?\'! The way I see it, every life is a pile of good things and bad things.…hey.…the good things don\'t always soften the bad things; but vice-versa the bad things don\'t necessarily spoil the good things and make them unimportant.\r\n\r\n    Heh-haa! Super squeaky bum time!\r\n    Did I mention we have comfy chairs?\r\n    I\'m the Doctor, I\'m worse than everyone\'s aunt. *catches himself* And that is not how I\'m introducing myself.\r\n\r\nAnnihilate? No. No violence. I won\'t stand for it. Not now, not ever, do you understand me?! I\'m the Doctor, the Oncoming Storm - and you basically meant beat them in a football match, didn\'t you?\r\n\r\nI\'m the Doctor, I\'m worse than everyone\'s aunt. *catches himself* And that is not how I\'m introducing myself. Stop talking, brain thinking. Hush. No, I\'ll fix it. I\'m good at fixing rot. Call me the Rotmeister. No, I\'m the Doctor. Don\'t call me the Rotmeister.\r\n\r\n    It\'s a fez. I wear a fez now. Fezes are cool.\r\n    You know how I sometimes have really brilliant ideas?\r\n    I am the Doctor, and you are the Daleks!\r\n\r\nI hate yogurt. It\'s just stuff with bits in. No… It\'s a thing; it\'s like a plan, but with more greatness. Annihilate? No. No violence. I won\'t stand for it. Not now, not ever, do you understand me?! I\'m the Doctor, the Oncoming Storm - and you basically meant beat them in a football match, didn\'t you?\r\n\r\nIt\'s art! A statement on modern society, \'Oh Ain\'t Modern Society Awful?\'! It\'s a fez. I wear a fez now. Fezes are cool. Aw, you\'re all Mr. Grumpy Face today. It\'s a fez. I wear a fez now. Fezes are cool.\r\n\r\nYou hit me with a cricket bat. You know how I sometimes have really brilliant ideas? Did I mention we have comfy chairs? All I\'ve got to do is pass as an ordinary human being. Simple. What could possibly go wrong?\r\n\r\nYou know how I sometimes have really brilliant ideas? Aw, you\'re all Mr. Grumpy Face today. It\'s a fez. I wear a fez now. Fezes are cool. You know how I sometimes have really brilliant ideas? I\'m the Doctor, I\'m worse than everyone\'s aunt. *catches himself* And that is not how I\'m introducing myself.\r\n\r\nYou\'ve swallowed a planet! Did I mention we have comfy chairs? You know when grown-ups tell you \'everything\'s going to be fine\' and you think they\'re probably lying to make you feel better? I\'m the Doctor. Well, they call me the Doctor. I don\'t know why. I call me the Doctor too. I still don\'t know why.\r\n\r\nThey\'re not aliens, they\'re Earth…liens! Father Christmas. Santa Claus. Or as I\'ve always known him: Jeff. Heh-haa! Super squeaky bum time! You know how I sometimes have really brilliant ideas? I\'m the Doctor. Well, they call me the Doctor. I don\'t know why. I call me the Doctor too. I still don\'t know why.\r\n\r\nDid I mention we have comfy chairs? Aw, you\'re all Mr. Grumpy Face today. You know how I sometimes have really brilliant ideas? They\'re not aliens, they\'re Earth…liens! You hate me; you want to kill me! Well, go on! Kill me! KILL ME!\r\n\r\nThey\'re not aliens, they\'re Earth…liens! No… It\'s a thing; it\'s like a plan, but with more greatness. You hit me with a cricket bat. Heh-haa! Super squeaky bum time!\r\n\r\nIt\'s a fez. I wear a fez now. Fezes are cool. *Insistently* Bow ties are cool! Come on Amy, I\'m a normal bloke, tell me what normal blokes do! I\'m the Doctor, I\'m worse than everyone\'s aunt. *catches himself* And that is not how I\'m introducing myself.\r\n\r\nI\'m the Doctor. Well, they call me the Doctor. I don\'t know why. I call me the Doctor too. I still don\'t know why. You know how I sometimes have really brilliant ideas? They\'re not aliens, they\'re Earth…liens!\r\n\r\nAnnihilate? No. No violence. I won\'t stand for it. Not now, not ever, do you understand me?! I\'m the Doctor, the Oncoming Storm - and you basically meant beat them in a football match, didn\'t you? It\'s a fez. I wear a fez now. Fezes are cool.', '2021-06-29 16:01:37', '2021-06-29 16:01:37'),
	(7, 2, 4, 'Luke. Father. Son, come with me.', 'Ben, why didn\'t you tell me? Chewie! It\'s Vader. Luke...it is your destiny. Ben, why didn\'t you tell me?', 'What did you have in mind for your next move? Well, if they follow standard Imperial procedure, they\'ll dump their garbage before they go to light-speed, then we just float away. With the rest of the garbage. Then what? Then we\'ve got to find a safe port somewhere around here. Got any ideas? No. Where are we? The Anoat system. Anoat system. There\'s not much there. No.\r\n\r\nAlert all commands. Ready for the tractor beam. Artoo, come back at once! You haven\'t finished with me yet! You don\'t know how to fix the hyperdrive. Chewbacca can do it. I\'m standing here in pieces, and you\'re having delusions of grandeur! Oh, you did it!\r\n\r\nWell, Your Highness, I guess this is it. That\'s right. Well, don\'t get all mushy on me. So long, Princess. Han! Yes, Your Highnessness? I thought you decided to stay. Well, the bounty hunter we ran into on Ord Mantell changed my mind. Han, we need you! We? Yes. Oh, what about you need? I need? I don\'t know what you\'re talking about. You probably don\'t. And what precisely am I supposed to know?\r\n\r\nCaptain Solo, this time you have gone too far. No, I will not be quiet, Chewbacca. Why doesn\'t anyone listen to me? The fleet is beginning to break up. Go back and stand by the manual release for the landing claw. I really don\'t see how thats going to help. Surrender is a perfectly acceptable alternative in extreme circumstances. The Empire may be gracious enough... Thank you.\r\n\r\nThe ship is almost finished. Two or Three more things and we\'re in great shape. The sooner the better. Something\'s wrong here. No one has seen or knows anything about Threepio. He\'s been gone too long to have gotten lost. Relax. I\'ll talk to Lando and see what I can find out. I don\'t trust Lando. Well, I don\'t trust him, either. But he is my friend. Besides, we\'ll soon be gone. And then you\'re as good as gone, aren\'t you?\r\n\r\nWhat happened? Where? Found him in a junk pile? Oh, what a mess. Chewie, do you think you can repair him? Lando\'s got people who can fix him. No, thanks. I\'m sorry. Am I interrupting anything? Not really. You look absolutely beautiful. You truly belong here with us among the clouds. Thank you. Will you join me for a little refreshment? Everyone\'s invited, of course. Having trouble with you droid? No. No problem. Why?\r\n\r\nLuke, we\'re ready for takeoff. Good luck, Lando When we find Jabba the Hut and that bounty hunter, we\'ll contact you. I\'ll meet you at the rendezvous point on Tatooine. Princess, we\'ll find Han. I promise. Chewie, I\'ll be waiting for your signal. Take care, you two. May the Force be with you. Ow!\r\n\r\nGeneral, I\'ve got to leave. I can\'t stay anymore. I\'m sorry to hear that. Well, there\'s a price on my head. If I don\'t pay off Jabba the Hut, I\'m a dead man. A death mark\'s not an easy thing to live with. You\'re a good fighter, Solo. I hate to lose you. Thank you, General.\r\n\r\nWell, wait. This is interesting. Lando. Lando system? Lando\'s not a system, he\'s a man. Lando Calrissian. He\'s a card player, gambler, scoundrel. You\'d like him. Thanks.\r\n\r\nLuke! You must complete the training. I can\'t keep the vision out of my head. They\'re my friends. I\'ve got to help them. You must not go! But Han and Leia will die if I don\'t. You don\'t know that. Even Yoda cannot see their fate. But I can help them! I feel the Force! But you cannot control it. This is a dangerous time for you, when you will be tempted by the dark side of the Force. Yes, yes. To Obi-Wan you listen. The cave. Remember your failure at the cave! But I\'ve learned so much since then. Master Yoda, I promise to return and finish what I\'ve begun. You have my word. It is you and your abilities the Emperor wants. that is why your friends are made to suffer. And that is why I have to go. Luke, I don\'t want to lose you to the Emperor the way I lost Vader. You won\'t. Stopped they must be. On this depends.\r\n\r\nBespin. It\'s pretty far, but I think we can make it. A mining colony? Yeah, a Tibanna gas mine. Lando conned somebody out of it. We go back a long way, Lando and me. Can you trust him? No. But he has no love for the Empire, I can tell you that. Here we go, Chewie. Stand by. Detach! You do have your moments. Not many, but you have them.\r\n\r\nEcho Three to Echo Seven. Han, old buddy, do you read me? Loud and clear, kid. What\'s up? Well, I finished my circle. I don\'t pick up any life readings. There isn\'t enough life on this ice cube to fill a space cruiser. The sensors are placed. I\'m going back. Right. I\'ll see you shortly. There\'s a meteorite that hit the ground near here. I want to check it out. It won\'t take long. Hey, steady girl. What\'s the matter? You smell something?\r\n\r\nOh. No one to meet us. I don\'t like this. Well, what would you like? Well, they did let us land. Look, don\'t worry. Everything\'s going to be fine. Trust me. See? My friend. Keep your eyes open, okay? Why, you slimy, double-crossing, no-good swindler! You\'ve got a lot of guts coming here, after what you pulled. How you doing, you old pirate? So good to see you! Inever thought I\'d catch up with you again. Where you been?\r\n\r\nAaargh! Chewie! All right, don\'t lose your temper. I\'ll come right back and give you a hand. Solo? No sign of life out there, General. The sensors are in place.You\'ll know if anything comes around. Commander Skywalker reported in yet? No. He\'s checking out a meteorite that hit near him. With all the meteor activity in this system, it\'s going to be difficult to spot approaching ships.', '2021-06-29 16:06:21', '2021-06-29 16:06:21'),
	(8, 1, 2, 'Fonctionnalité 2: Les Visiteurs après Connexion/Inscription peuvent soumettre des commentaires sans possibilité de modification', 'IL sera peu être prévu plus tard la possibilité de modifier son commentaire.', 'vide', '2021-06-29 16:47:40', '2021-06-29 16:47:40'),
	(9, 1, 2, 'Fonctionnalité 3 : Il n\'est affiché que les Catégories ayant des Posts', 'vide', 'vide', '2021-06-29 16:57:00', '2021-06-29 16:57:00'),
	(10, 1, 2, 'Fonctionnalité 4 : Notification dans la navbar lors de commentaire soumis à validation', 'Les Admins ont une notification en navbar et sur leur Dashboard lorsqu\'il y a des commentaires en attentes de validation.', 'vide', '2021-06-29 17:01:50', '2021-06-29 17:01:50');
/*!40000 ALTER TABLE `post` ENABLE KEYS */;

-- Listage de la structure de la table database. user
CREATE TABLE IF NOT EXISTS `user` (
  `id` int NOT NULL AUTO_INCREMENT,
  `username` varchar(50) DEFAULT NULL,
  `email` varchar(255) DEFAULT NULL,
  `admin` int DEFAULT NULL,
  `password` varchar(255) DEFAULT NULL,
  PRIMARY KEY (`id`),
  UNIQUE KEY `username` (`username`),
  UNIQUE KEY `email` (`email`)
) ENGINE=InnoDB AUTO_INCREMENT=5 DEFAULT CHARSET=utf8mb4 COLLATE=utf8mb4_0900_ai_ci;

-- Listage des données de la table database.user : ~4 rows (environ)
/*!40000 ALTER TABLE `user` DISABLE KEYS */;
INSERT INTO `user` (`id`, `username`, `email`, `admin`, `password`) VALUES
	(1, 'Admin', 'admin@admin.com', 1, '$2y$10$kKFdWEytiA.idM27KPGLmOF4yiwErPUYWsXybQqOjlQm7Tjpyt2/G'),
	(2, 'Admin2', 'admin2@admin.com', 1, '$2y$10$Y.2OykpJU3z7FJBsRC8b4OpG/n4jrs7zuMGUyGjEhw.NXpGFnFmqi'),
	(3, 'PicPirate', 'picpirate@gmal.bra', NULL, '$2y$10$5MeD5Ainwz859hdRFHDIvOeXE/RBiTnl4hs3amPspX4B1xctOLXKS'),
	(4, '<script>alert(\'test\');</script>', 'XSS@xss.com', NULL, '$2y$10$2.xVo85KMgCnGQAl3mi02ugvhLm9ppkP03iSTMGgTiq7ly6xC0hwC');
/*!40000 ALTER TABLE `user` ENABLE KEYS */;

/*!40101 SET SQL_MODE=IFNULL(@OLD_SQL_MODE, '') */;
/*!40014 SET FOREIGN_KEY_CHECKS=IF(@OLD_FOREIGN_KEY_CHECKS IS NULL, 1, @OLD_FOREIGN_KEY_CHECKS) */;
/*!40101 SET CHARACTER_SET_CLIENT=@OLD_CHARACTER_SET_CLIENT */;
